1,Pharmacie de Condé,85 Rue de Condé,77260,La Ferté-sous-Jouarre
2,PHARMACIE DU PARC,4 Avenue du Parc,77124,Villenoy
3,Pharmacie Lcce -Pharmacie du centre,80 Rue du Général Leclerc,77450,Esbly
4,Pharmacie de l'Hotel de Ville,1 Pl. de l'Hôtel de ville,77260,La Ferté-sous-Jouarre
5,Pharmacie Godart,7 Rue Margueritte Perey,77610,Fontenay-Trésigny
6,Pharmacie de Acy en Multien,36 Rue de la Libération,60620,Acy-en-Multien
7,Pharmacie Principale,53 Rue nationale,60800,Crépy-en-Valois
8,Pharmacie Dufour,4 Pl. de la République,60300,Baron
9,Pharmacie De Mouroux,331 Av. du Général de Gaulle,77120,Mouroux
10,Pharmacie de la Gare,3 Rue du Général Leclerc,77450,Esbly
11,Pharmacie du Breon,99 Rue Bertaux,77610,Fontenay-Trésigny
12,Pharmacie des Remparts,6 Rue Charles de Gaulle,60800,Crépy-en-Valois
13,Pharmacie ROSSET,56 Av. de Verdun,77470,Trilport
14,Pharmacie Parisot,26 Grande Rue,77580,Guérard
15,Pharmacie du Haudouin,6 Rue de la Croix Verte,60440,Nanteuil-le-Haudouin
16,La Pharmacie de Guignes,31 Rue de Troyes,77390,Guignes
17,Pharmacie Khin de St Germain sur Morin,20 Rue de Paris,77860,Saint-Germain-sur-Morin
18,Pharmacie de Beton-Bazoches,1 Pl. de l'Église Saint-Denis,77320,Beton-Bazoches
19,Pharmacie Centrale Noël,19/21 Rue Beaurepaire,77120,Coulommiers
20,Grande Pharmacie Du centre,Rue Gérard de Nerval,77280,Othis
21,Pharmacie Avicenne,33 Rue d'Esbly,77700,Coupvray
22,Pharmacie de St Mard Elsie,24 Av. de la Font du Berger,77230,Saint-Mard
23,Pharmacie de Chessy,22 Bis rue du Général de Gaulle,77700,Chessy
24,PHARMACIE DE JUILLY,6 Rue de la Source,77230,Juilly
25,PHARMACIE PRINCIPALE,26 Rue de Paris,77220,Gretz-Armainvilliers
26,Pharmacie de Quincy-Voisins,22 Rue de Meaux,77860,Quincy-Voisins
27,Pharmacie principale de Mareuil - Elsie Santé,30 mail Grande Haie,77100,Mareuil lès Meaux
28,PHARMACIE DU MARCHÉ,5 Pl. du Marché,77580,Crécy-la-chapelle
29,Pharmacie Lepesme,2-4 Pl. Charles de Gaulle,77540,Rozay-en-Brie
