Pharmacie de Condé,85 Rue de Condé,77260,La Ferté-sous-Jouarre
PHARMACIE DU PARC,4 Avenue du Parc,77124,Villenoy
Pharmacie Lcce -Pharmacie du centre,80 Rue du Général Leclerc,77450,Esbly
Pharmacie de l'Hotel de Ville,1 Pl. de l'Hôtel de ville,77260,La Ferté-sous-Jouarre
Pharmacie Godart,7 Rue Margueritte Perey,77610,Fontenay-Trésigny
Pharmacie de Acy en Multien,36 Rue de la Libération,60620,Acy-en-Multien
Pharmacie Principale,53 Rue nationale,60800,Crépy-en-Valois
Pharmacie Dufour,4 Pl. de la République,60300,Baron
Pharmacie De Mouroux,331 Av. du Général de Gaulle,77120,Mouroux
Pharmacie Forum Santé de Rebais SELAS,1 Rue Saint-Nicolas,77510,Rebais
Pharmacie du Breon,99 Rue Bertaux,77610,Fontenay-Trésigny
Pharmacie des Remparts,6 Rue Charles de Gaulle,60800,Crépy-en-Valois
Pharmacie ROSSET,56 Av. de Verdun,77470,Trilport
Pharmacie Parisot,26 Grande Rue,77580,Guérard
Pharmacie du Haudouin,6 Rue de la Croix Verte,60440,Nanteuil-le-Haudouin
La Pharmacie de Guignes,31 Rue de Troyes,77390,Guignes